id,filename,original_name,file_size,mime_type,file_extension,file_url,width,height,aspect_ratio,alt_text,title,description,tags,caption,folder_id,category,usage_count,is_featured,uploaded_by,uploaded_at,updated_at,status
1,1749923128189-HJVJ2521.JPG,HJVJ2521.JPG,6032796,image/jpeg,jpg,/uploads/general/1749923128189-HJVJ2521.JPG,NULL,NULL,NULL,HJVJ2521 certified,forklift certified,forklift certified,forklift, certified,NULL,NULL,general,0,0,1,2025-08-01 02:41:04,NULL,deleted
2,1749927049398-IMG_0420.JPG,IMG_0420.JPG,2494559,image/jpeg,jpg,/uploads/general/1749927049398-IMG_0420.JPG,NULL,NULL,NULL,IMG_0420 image,IMG_0420,NULL,NULL,NULL,NULL,general,0,0,1,2025-08-01 02:41:04,NULL,deleted
3,1749940817046-IMG_E1503.JPG,IMG_E1503.JPG,2071136,image/jpeg,jpg,/uploads/general/1749940817046-IMG_E1503.JPG,NULL,NULL,NULL,Boom Lift Training,Karma Training Boom Lift Course in Action,a picture of people being trained on how to operate a boom lift, training by Karma Industrial Safety Training,boom lift, training, zoom boom,NULL,NULL,course-images,0,0,1,2025-08-01 02:41:04,NULL,deleted
16,1749944675081-Jack.png,Jack.png,274100,image/png,png,/uploads/team-photos/1749944675081-Jack.png,NULL,NULL,NULL,Jack's Headshot,Jack Cook,a professional headshot of Jack Cook, the founder of Karma Industrial Safety Training,jack cook, Karma Training, KIST,NULL,NULL,team-photos,0,0,1,2025-08-01 02:41:04,NULL,active
17,1749945049304-IMG_E8438.JPG,IMG_E8438.JPG,1466526,image/jpeg,jpg,/uploads/general/1749945049304-IMG_E8438.JPG,NULL,NULL,NULL,IMG E8438,IMG_E8438.JPG,NULL,NULL,NULL,NULL,general,0,0,1,2025-08-01 02:41:04,NULL,deleted
18,1750010591898-IMG_0973.JPG,IMG_0973.JPG,2657658,image/jpeg,jpg,/uploads/course-images/1750010591898-IMG_0973.JPG,NULL,NULL,NULL,Heavy Equipment Training,Heavy Equipment Operator Training,This image represents Karma Industrial Safety’s Heavy Equipment Operator Training course, offered in British Columbia. The program provides comprehensive training and certification for operating heavy machinery safely and efficiently in industrial settings.,heavy equipment, training, northwest, north, west, bc, british, columbia, operator, certification,NULL,NULL,course-images,0,0,1,2025-08-01 02:41:04,NULL,deleted
19,1750010856621-IMG_1618.jpg,IMG_1618.jpg,3512850,image/jpeg,jpg,/uploads/course-images/1750010856621-IMG_1618.jpg,NULL,NULL,NULL,Forklift 3,Forklift 3,his image shows a Hyster 230-48 forklift lifting a large container, representing practical training for heavy equipment operators. Ideal for courses focusing on forklift operation and certification.,heavy equipment, forklift, training, operator, certification, hyster, container,NULL,NULL,course-images,0,0,1,2025-08-01 02:41:04,NULL,deleted
20,1750011370729-IMG_1444.JPG,IMG_1444.JPG,3641169,image/jpeg,jpg,/uploads/course-images/1750011370729-IMG_1444.JPG,NULL,NULL,NULL,Fall Safety Training Image,Fall-Protection-Training-British-Columbia,This image represents Karma Training's Fall Protection Training course, required for workers in British Columbia working over 3m (10ft). It depicts safety equipment and practices for working at heights, aligning with WorkSafeBC compliance and including theoretical tests, equipment inspection, and harness fitting.,fall protection, safety training, height safety, WorkSafeBC, British Columbia, harness, certification, northwestern BC,NULL,NULL,course-images,0,0,1,2025-08-01 02:41:04,NULL,deleted
21,1750011513395-IMG_6593__1_.JPG,IMG_6593 (1).JPG,2507594,image/jpeg,jpg,/uploads/course-images/1750011513395-IMG_6593__1_.JPG,NULL,NULL,NULL,Rigger Signalperson Training Image,KIST-Rigger-Signalperson-Level-1-Training,This image represents KIST Safety Training's Rigger/Signalperson (Level 1) course, focusing on safe lifting practices and communication protocols. It depicts rigging equipment and signaling exercises, aligning with WorkSafeBC compliance and including in-class training with practical components.,rigging, signalperson, safety training, WorkSafeBC, British Columbia, lifting, certification, northwestern BC,NULL,NULL,course-images,0,0,1,2025-08-01 02:41:04,NULL,deleted
22,1750011620811-IMG_8439.JPG,IMG_8439.JPG,1287781,image/jpeg,jpg,/uploads/other/1750011620811-IMG_8439.JPG,NULL,NULL,NULL,Karma Training Hero Image,Karma-Training-Industrial-Safety-Northwestern-BC,This hero image showcases Karma Training's commitment to industrial safety in Northwestern British Columbia, featuring a broad representation of safety training programs such as equipment operation, fall protection, and rigging. It highlights WorkSafeBC-compliant courses and professional certification for workers across various industries in Canada,industrial safety, training, WorkSafeBC, British Columbia, northwestern BC, certification, equipment, fall protection,NULL,NULL,other,0,0,1,2025-08-01 02:41:04,NULL,active
23,1751144302136-IMG_4378.dng,IMG_4378.dng,12926020,image/x-adobe-dng,dng,/uploads/team-photos/1751144302136-IMG_4378.dng,NULL,NULL,NULL,IMG 4378,gabe,gabriel,gabriel,NULL,NULL,team-photos,0,0,1,2025-08-01 02:41:04,NULL,deleted
24,1752092194069-IMG_4376.dng,IMG_4376.dng,13606925,image/x-adobe-dng,dng,/uploads/general/1752092194069-IMG_4376.dng,NULL,NULL,NULL,test,test,test,test, testing,NULL,NULL,general,0,0,2,2025-08-01 02:41:04,NULL,deleted
25,1752092818872-Lana.webp,Lana.webp,524430,image/webp,webp,/uploads/general/1752092818872-Lana.webp,NULL,NULL,NULL,Lana,Lana,NULL,NULL,NULL,NULL,team-photos,0,0,1,2025-08-01 02:41:04,NULL,deleted
26,1752092911490-IMG_0931.webp,IMG_0931.webp,347310,image/webp,webp,/uploads/general/1752092911490-IMG_0931.webp,NULL,NULL,NULL,Jessica,Jessica,NULL,NULL,NULL,NULL,team-photos,0,0,1,2025-08-01 02:41:04,NULL,deleted
27,1752092977107-IMG_1916_1_-1-1.webp,IMG_1916(1)-1-1.webp,832476,image/webp,webp,/uploads/general/1752092977107-IMG_1916_1_-1-1.webp,NULL,NULL,NULL,Edward,Edward,NULL,NULL,NULL,NULL,team-photos,0,0,1,2025-08-01 02:41:04,NULL,deleted
28,1752093068672-Brandi_1.webp,Brandi 1.webp,498626,image/webp,webp,/uploads/general/1752093068672-Brandi_1.webp,NULL,NULL,NULL,Brandi,Brandi,NULL,NULL,NULL,NULL,team-photos,0,0,1,2025-08-01 02:41:04,NULL,deleted
29,1752444117035-Bear_1.webp,Bear_1.webp,4066312,image/webp,webp,/uploads/general/1752444117035-Bear_1.webp,NULL,NULL,NULL,Jack and Bear,Jack and Bear,NULL,NULL,NULL,NULL,general,0,0,2,2025-08-01 02:41:04,NULL,deleted
30,1752444171564-Road___Rail_1.webp,Road & Rail_1.webp,200350,image/webp,webp,/uploads/course-images/1752444171564-Road___Rail_1.webp,NULL,NULL,NULL,Road  Rail,Road  Rail,NULL,NULL,NULL,NULL,course-images,0,0,2,2025-08-01 02:41:04,NULL,deleted
31,1752444188385-Road___Rail_2.webp,Road & Rail_2.webp,77676,image/webp,webp,/uploads/course-images/1752444188385-Road___Rail_2.webp,NULL,NULL,NULL,Road  Rail 2,Road  Rail 2,NULL,NULL,NULL,NULL,course-images,0,0,2,2025-08-01 02:41:04,NULL,deleted
32,1752444217319-Classroom_1.webp,Classroom_1.webp,1780196,image/webp,webp,/uploads/course-images/1752444217319-Classroom_1.webp,NULL,NULL,NULL,Classroom 1,Classroom 1,NULL,NULL,NULL,NULL,course-images,0,0,2,2025-08-01 02:41:04,NULL,deleted
33,1752444235297-Classroom_2.webp,Classroom_2.webp,3443000,image/webp,webp,/uploads/course-images/1752444235297-Classroom_2.webp,NULL,NULL,NULL,Classroom 2,Classroom 2,NULL,NULL,NULL,NULL,course-images,0,0,2,2025-08-01 02:41:04,NULL,deleted
34,1752444249632-Classroom_3.webp,Classroom_3.webp,1276504,image/webp,webp,/uploads/course-images/1752444249632-Classroom_3.webp,NULL,NULL,NULL,Classroom 3,Classroom 3,NULL,NULL,NULL,NULL,course-images,0,0,2,2025-08-01 02:41:04,NULL,deleted
35,1752444268269-Classroom_4.webp,Classroom_4.webp,2583350,image/webp,webp,/uploads/course-images/1752444268269-Classroom_4.webp,NULL,NULL,NULL,Classroom 4,Classroom 4,NULL,NULL,NULL,NULL,course-images,0,0,2,2025-08-01 02:41:04,NULL,deleted
36,1752444284290-Classroom_5.webp,Classroom_5.webp,3738544,image/webp,webp,/uploads/course-images/1752444284290-Classroom_5.webp,NULL,NULL,NULL,Classroom 5,Classroom 5,NULL,NULL,NULL,NULL,course-images,0,0,2,2025-08-01 02:41:04,NULL,deleted
37,1752444337717-Classroom_6.webp,Classroom_6.webp,3197168,image/webp,webp,/uploads/course-images/1752444337717-Classroom_6.webp,NULL,NULL,NULL,Classroom 6,Classroom 6,NULL,NULL,NULL,NULL,course-images,0,0,2,2025-08-01 02:41:04,NULL,deleted
38,1752444379543-Classroom_8.webp,Classroom_8.webp,2438278,image/webp,webp,/uploads/course-images/1752444379543-Classroom_8.webp,NULL,NULL,NULL,Classroom 7,Classroom 7,NULL,NULL,NULL,NULL,course-images,0,0,2,2025-08-01 02:41:04,NULL,deleted
39,1752444395810-Classroom_9.webp,Classroom_9.webp,3688112,image/webp,webp,/uploads/course-images/1752444395810-Classroom_9.webp,NULL,NULL,NULL,Classroom 9,Classroom 9,NULL,NULL,NULL,NULL,course-images,0,0,2,2025-08-01 02:41:04,NULL,deleted
40,1752444518542-Fall_Pro_1.webp,Fall Pro_1.webp,4065056,image/webp,webp,/uploads/course-images/1752444518542-Fall_Pro_1.webp,NULL,NULL,NULL,Fall Pro 1,Fall Pro 1,NULL,NULL,NULL,NULL,course-images,0,0,2,2025-08-01 02:41:04,NULL,deleted
41,1752444791836-Fall_Pro_2.webp,Fall Pro_2.webp,1765168,image/webp,webp,/uploads/course-images/1752444791836-Fall_Pro_2.webp,NULL,NULL,NULL,Fall Pro 2,Fall Pro 2,NULL,NULL,NULL,NULL,course-images,0,0,2,2025-08-01 02:41:04,NULL,deleted
42,1752444813037-Fall_Pro_3.webp,Fall Pro_3.webp,1724118,image/webp,webp,/uploads/course-images/1752444813037-Fall_Pro_3.webp,NULL,NULL,NULL,Fall Pro 3,Fall Pro 3,NULL,NULL,NULL,NULL,course-images,0,0,2,2025-08-01 02:41:04,NULL,deleted
43,1752444832236-Fall_Pro_4.webp,Fall Pro_4.webp,993978,image/webp,webp,/uploads/course-images/1752444832236-Fall_Pro_4.webp,NULL,NULL,NULL,Fall Pro 4,Fall Pro 4,NULL,NULL,NULL,NULL,course-images,0,0,2,2025-08-01 02:41:04,NULL,deleted
44,1752444857263-Forklift_1.webp,Forklift_1.webp,1051276,image/webp,webp,/uploads/course-images/1752444857263-Forklift_1.webp,NULL,NULL,NULL,Forklift 1,Forklift 1,NULL,NULL,NULL,NULL,course-images,0,0,2,2025-08-01 02:41:04,NULL,deleted
45,1752444867131-Forklift_2.webp,Forklift_2.webp,1496850,image/webp,webp,/uploads/course-images/1752444867131-Forklift_2.webp,NULL,NULL,NULL,Forklift 2,Forklift 2,NULL,NULL,NULL,NULL,course-images,0,0,2,2025-08-01 02:41:04,NULL,deleted
46,1752444886451-Forklift_4.webp,Forklift_4.webp,2083430,image/webp,webp,/uploads/course-images/1752444886451-Forklift_4.webp,NULL,NULL,NULL,Forklift 4,Forklift 4,NULL,NULL,NULL,NULL,course-images,0,0,2,2025-08-01 02:41:04,NULL,deleted
47,1752444905989-Forklift_5.webp,Forklift_5.webp,1633690,image/webp,webp,/uploads/course-images/1752444905989-Forklift_5.webp,NULL,NULL,NULL,Forklift 5,Forklift 5,NULL,NULL,NULL,NULL,course-images,0,0,2,2025-08-01 02:41:04,NULL,deleted
48,1752445064920-MEWP_1.webp,MEWP_1.webp,2270042,image/webp,webp,/uploads/course-images/1752445064920-MEWP_1.webp,NULL,NULL,NULL,MEWP 1,MEWP 1,NULL,NULL,NULL,NULL,course-images,0,0,2,2025-08-01 02:41:04,NULL,deleted
49,1752445086142-MEWP_2.webp,MEWP_2.webp,1151076,image/webp,webp,/uploads/course-images/1752445086142-MEWP_2.webp,NULL,NULL,NULL,MEWP 2,MEWP 2,NULL,NULL,NULL,NULL,course-images,0,0,2,2025-08-01 02:41:04,NULL,deleted
50,1752445097583-MEWP_3.webp,MEWP_3.webp,1015666,image/webp,webp,/uploads/course-images/1752445097583-MEWP_3.webp,NULL,NULL,NULL,MEWP 3,MEWP 3,NULL,NULL,NULL,NULL,course-images,0,0,2,2025-08-01 02:41:04,NULL,deleted
51,1752445113514-MEWP_4.webp,MEWP_4.webp,2193532,image/webp,webp,/uploads/course-images/1752445113514-MEWP_4.webp,NULL,NULL,NULL,MEWP 4,MEWP 4,NULL,NULL,NULL,NULL,course-images,0,0,2,2025-08-01 02:41:04,NULL,deleted
52,1752445124677-MEWP_5.webp,MEWP_5.webp,204292,image/webp,webp,/uploads/course-images/1752445124677-MEWP_5.webp,NULL,NULL,NULL,MEWP 5,MEWP 5,NULL,NULL,NULL,NULL,course-images,0,0,2,2025-08-01 02:41:04,NULL,deleted
53,1752445142512-MEWP_6.webp,MEWP_6.webp,215622,image/webp,webp,/uploads/course-images/1752445142512-MEWP_6.webp,NULL,NULL,NULL,MEWP 6,MEWP 6,NULL,NULL,NULL,NULL,course-images,0,0,2,2025-08-01 02:41:04,NULL,deleted
54,1752445150498-MEWP_7.webp,MEWP_7.webp,1497200,image/webp,webp,/uploads/general/1752445150498-MEWP_7.webp,NULL,NULL,NULL,MEWP 7,MEWP 7,NULL,NULL,NULL,NULL,course-images,0,0,2,2025-08-01 02:41:04,NULL,deleted
55,1752447354588-misc_1.webp,misc_1.webp,69400,image/webp,webp,/uploads/other/1752447354588-misc_1.webp,NULL,NULL,NULL,Image related to other: misc 1,Karma Training: misc 1,A Karma Training image categorized under other.,other, Karma Training,NULL,NULL,other,0,0,2,2025-08-01 02:41:04,NULL,deleted
56,1752447356191-misc_2.webp,misc_2.webp,43422,image/webp,webp,/uploads/other/1752447356191-misc_2.webp,NULL,NULL,NULL,Image related to other: misc 2,Karma Training: misc 2,A Karma Training image categorized under other.,other, Karma Training,NULL,NULL,other,0,0,2,2025-08-01 02:41:04,NULL,deleted
57,1752447357388-Skidsteer_2.webp,Skidsteer_2.webp,445818,image/webp,webp,/uploads/course-images/1752447357388-Skidsteer_2.webp,NULL,NULL,NULL,Image related to course-images: Skidsteer 2,Karma Training: Skidsteer 2,A Karma Training image categorized under course-images.,course, images, Karma Training, safety training, certification, heavy equipment,NULL,NULL,course-images,0,0,2,2025-08-01 02:41:04,NULL,deleted
58,1752447358823-Skidsteer_1.webp,Skidsteer_1.webp,498780,image/webp,webp,/uploads/course-images/1752447358823-Skidsteer_1.webp,NULL,NULL,NULL,Image related to course-images: Skidsteer 1,Karma Training: Skidsteer 1,A Karma Training image categorized under course-images.,course, images, Karma Training, safety training, certification, heavy equipment,NULL,NULL,course-images,0,0,2,2025-08-01 02:41:04,NULL,deleted
59,1752447360394-Telehandler_2.webp,Telehandler_2.webp,371546,image/webp,webp,/uploads/course-images/1752447360394-Telehandler_2.webp,NULL,NULL,NULL,Image related to course-images: Telehandler 2,Karma Training: Telehandler 2,A Karma Training image categorized under course-images.,course, images, Karma Training, safety training, certification, heavy equipment,NULL,NULL,course-images,0,0,2,2025-08-01 02:41:04,NULL,deleted
60,1752447361681-Telehandler_1.webp,Telehandler_1.webp,362792,image/webp,webp,/uploads/course-images/1752447361681-Telehandler_1.webp,NULL,NULL,NULL,Image related to course-images: Telehandler 1,Karma Training: Telehandler 1,A Karma Training image categorized under course-images.,course, images, Karma Training, safety training, certification, heavy equipment,NULL,NULL,course-images,0,0,2,2025-08-01 02:41:04,NULL,deleted
61,1752447363028-Bear_3.webp,Bear_3.webp,685164,image/webp,webp,/uploads/team-photos/1752447363028-Bear_3.webp,NULL,NULL,NULL,Image related to team-photos: Bear 3,Karma Training: Bear 3,A Karma Training image categorized under team-photos.,team, photos, Karma Training, staff, instructor, team,NULL,NULL,team-photos,0,0,2,2025-08-01 02:41:04,NULL,deleted
62,1752447364504-Bear_2.webp,Bear_2.webp,526092,image/webp,webp,/uploads/team-photos/1752447364504-Bear_2.webp,NULL,NULL,NULL,Image related to team-photos: Bear 2,Karma Training: Bear 2,A Karma Training image categorized under team-photos.,team, photos, Karma Training, staff, instructor, team,NULL,NULL,team-photos,0,0,2,2025-08-01 02:41:04,NULL,deleted
63,1752447366142-Bear_5.webp,Bear_5.webp,549940,image/webp,webp,/uploads/team-photos/1752447366142-Bear_5.webp,NULL,NULL,NULL,Image related to team-photos: Bear 5,Karma Training: Bear 5,A Karma Training image categorized under team-photos.,team, photos, Karma Training, staff, instructor, team,NULL,NULL,team-photos,0,0,2,2025-08-01 02:41:04,NULL,deleted
64,1752447367707-Bear_4.webp,Bear_4.webp,651442,image/webp,webp,/uploads/team-photos/1752447367707-Bear_4.webp,NULL,NULL,NULL,Image related to team-photos: Bear 4,Karma Training: Bear 4,A Karma Training image categorized under team-photos.,team, photos, Karma Training, staff, instructor, team,NULL,NULL,team-photos,0,0,2,2025-08-01 02:41:04,NULL,deleted
65,1752447369447-Bear_6.webp,Bear_6.webp,685164,image/webp,webp,/uploads/team-photos/1752447369447-Bear_6.webp,NULL,NULL,NULL,Image related to team-photos: Bear 6,Karma Training: Bear 6,A Karma Training image categorized under team-photos.,team, photos, Karma Training, staff, instructor, team,NULL,NULL,team-photos,0,0,2,2025-08-01 02:41:04,NULL,deleted
66,1752447667439-misc_1.webp,misc_1.webp,69400,image/webp,webp,/uploads/course-images/1752447667439-misc_1.webp,NULL,NULL,NULL,An image depicting congested highway traffic.  This illustrates the importance of driver safety and the need for effective safety training programs like those offered by Karma Training in Northwestern BC.,Highway Traffic Safety,This image highlights the potential risks associated with highway driving. Karma Training offers comprehensive safety programs designed to mitigate these risks, ensuring a safer work environment for individuals in industries and businesses across Northwestern BC. Our training emphasizes both theoretical knowledge and practical, hands-on skills.,highway safety, traffic congestion, driver safety, workplace safety, Karma Training, Northwestern BC, safety training,NULL,NULL,course-images,0,0,2,2025-08-01 02:41:04,NULL,active
67,1752447671969-misc_2.webp,misc_2.webp,43422,image/webp,webp,/uploads/course-images/1752447671969-misc_2.webp,NULL,NULL,NULL,A photograph showing a train carrying tanker cars passing an industrial site. This image is relevant to the context of industrial safety training offered by Karma Training in Northwestern BC.,Industrial Site with Train Transport,Image depicting a typical industrial setting in Northwestern BC, highlighting the types of environments where Karma Trainings safety programs are crucial.  The image showcases the importance of workplace safety training for various industries and the risks involved in daily operations.,industrial safety, train transport, Northwestern BC, workplace safety, industry, risk assessment, Karma Training,NULL,NULL,course-images,0,0,2,2025-08-01 02:41:04,NULL,active
68,1752447679125-Skidsteer_2.webp,Skidsteer_2.webp,445818,image/webp,webp,/uploads/course-images/1752447679125-Skidsteer_2.webp,NULL,NULL,NULL,A tracked skid steer loader, operated by a Karma Training student, is shown moving a load of materials during hands-on heavy equipment operator training.  The training takes place at a clients site in Northwestern BC and incorporates practical skills training in accordance with WorkSafeBC regulations. This image is courtesy of Karma Training.,Heavy Equipment Operation Training,Karma Trainings IVES operator certification program includes extensive hands-on training using real equipment at client facilities.  This photo shows a student gaining practical experience operating a skid steer, showcasing our commitment to providing top-tier, realistic safety training for industry and commerce.,heavy equipment training, skid steer, IVES certification, WorkSafeBC, safety training, Northwestern BC, Karma Training,NULL,NULL,course-images,0,0,2,2025-08-01 02:41:04,NULL,active
69,1752447684328-Skidsteer_1.webp,Skidsteer_1.webp,498780,image/webp,webp,/uploads/course-images/1752447684328-Skidsteer_1.webp,NULL,NULL,NULL,A John Deere 333G compact track loader in a gravel pit, illustrating the hands-on heavy equipment training offered by Karma Training in Northwestern BC.  The image showcases practical, on-site training using real equipment and adheres to WorkSafeBC regulations.,Heavy Equipment Operation Training,Karma Trainings commitment to practical, hands-on safety training is evident in this image.  Students receive IVES operator certification training on real-world equipment at client sites throughout Northwestern BC, ensuring they are proficient and confident in operating heavy machinery.,heavy equipment operation, IVES certification, WorkSafeBC, compact track loader, safety training, Karma Training, Northwestern BC,NULL,NULL,course-images,0,0,2,2025-08-01 02:41:04,NULL,active
70,1752447689152-Telehandler_2.webp,Telehandler_2.webp,371546,image/webp,webp,/uploads/other/1752447689152-Telehandler_2.webp,NULL,NULL,NULL,A student operating a telehandler during a hands-on heavy equipment operator training course provided by Karma Training in Northwestern BC.  The image shows a green telehandler and other heavy machinery, highlighting Karma Trainings commitment to practical, on-site training.,Heavy Equipment Operator Training,Karma Trainings IVES operator certification courses utilize real-world equipment and settings. This image depicts a student gaining practical experience operating a telehandler, demonstrating Karma Trainings commitment to hands-on, practical safety training at client locations across Northwestern BC.  Training includes WorkSafeBC compliant practices for safe operation.,heavy equipment training, telehandler training, IVES certification, WorkSafeBC, safety training, Karma Training, Northwestern BC,NULL,NULL,other,0,0,2,2025-08-01 02:41:04,NULL,active
71,1752447694080-Telehandler_1.webp,Telehandler_1.webp,362792,image/webp,webp,/uploads/course-images/1752447694080-Telehandler_1.webp,NULL,NULL,NULL,A student operating a telehandler forklift during a hands-on heavy equipment training course provided by Karma Training in Northwestern BC. The training emphasizes practical skills and adherence to WorkSafeBC regulations.,Hands-on Heavy Equipment Training,Karma Trainings commitment to practical, hands-on safety training is evident in this image.  Students utilize real-world equipment at client locations to gain valuable, applicable skills in operating heavy machinery, ensuring they are well-prepared for workplace environments. This training aligns with WorkSafeBC standards and promotes safety practices in Northwestern BC.,heavy equipment training, telehandler training, forklift training, WorkSafeBC, safety training, Northwestern BC, Karma Training,NULL,NULL,course-images,0,0,2,2025-08-01 02:41:04,NULL,active
72,1752447699400-Bear_3.webp,Bear_3.webp,685164,image/webp,webp,/uploads/team-photos/1752447699400-Bear_3.webp,NULL,NULL,NULL,A photo of an instructor from Karma Training, a premier safety training provider in Northwestern BC, standing next to a large cutout of a grizzly bear. The instructor is wearing a Karma Training hat and shirt, showcasing their commitment to workplace safety.,Karma Training Instructor with Grizzly Bear,This image depicts one of the experienced instructors at Karma Training, highlighting the companys commitment to safety and its presence in the Northwestern BC environment, where wildlife encounters are a consideration. The image is a playful yet professional representation of the companys focus on practical, real-world safety.,Karma Training, safety training, Northwestern BC, instructor, team photo, grizzly bear, workplace safety,NULL,NULL,team-photos,0,0,2,2025-08-01 02:41:04,NULL,deleted
73,1752447704764-Bear_2.webp,Bear_2.webp,526092,image/webp,webp,/uploads/team-photos/1752447704764-Bear_2.webp,NULL,NULL,NULL,A photo of an instructor from Karma Training, a premier safety training provider in Northwestern BC, standing next to a large brown bear.  The instructor is wearing a Karma Training shirt and the image emphasizes the companys commitment to safety, even in challenging environments.,Meet the Karma Training Team,The Karma Training team brings over 70 years of combined experience in industrial safety and education to Northwestern BC.  Our instructors are dedicated to providing practical, hands-on training and consulting services. This photo symbolizes our commitment to helping clients navigate even the most challenging safety considerations.,Karma Training, safety training, Northwestern BC, team photo, instructor, workplace safety, industrial safety,NULL,NULL,team-photos,0,0,2,2025-08-01 02:41:04,NULL,deleted
74,1752447710244-Bear_5.webp,Bear_5.webp,549940,image/webp,webp,/uploads/team-photos/1752447710244-Bear_5.webp,NULL,NULL,NULL,A Karma Training instructor stands in a forest setting alongside a brown bear.  This image highlights the importance of wildlife safety training provided by Karma Training in Northwestern BC.,Karma Training Instructor and Wildlife Safety,This photo showcases the real-world context of safety training provided by Karma Training.  Our instructors possess extensive experience in Northwestern BCs unique environment, ensuring our clients are prepared for various safety challenges, including wildlife encounters.  We offer custom safety courses tailored to specific industry and workplace needs.,wildlife safety, Karma Training, safety training, Northwestern BC, workplace safety, industrial safety, instructor,NULL,NULL,team-photos,0,0,2,2025-08-01 02:41:04,NULL,deleted
75,1752447715058-Bear_4.webp,Bear_4.webp,651442,image/webp,webp,/uploads/team-photos/1752447715058-Bear_4.webp,NULL,NULL,NULL,An image depicting a Karma Training instructor standing in a forest near a large brown bear cutout. This illustrates Karma Trainings commitment to practical, hands-on safety training in Northwestern BC, incorporating real-world scenarios.,Bear Aware Safety Training,This photo showcases the practical approach Karma Training takes to safety education.  Our instructors prepare workers for unexpected challenges, emphasizing situational awareness and safe practices in Northwestern BCs diverse environments.  The image depicts a training exercise highlighting bear awareness and safety procedures.,safety training, bear safety, wildlife awareness, Northwestern BC, Karma Training, workplace safety, practical training,NULL,NULL,team-photos,0,0,2,2025-08-01 02:41:04,NULL,deleted
76,1752447719891-Bear_6.webp,Bear_6.webp,685164,image/webp,webp,/uploads/team-photos/1752447719891-Bear_6.webp,NULL,NULL,NULL,A photo of an instructor from Karma Training, a premier safety training provider in Northwestern BC, standing next to a large cutout of a grizzly bear.  The instructor is wearing a Karma Training hat and shirt. The image is taken outdoors, near some large trees.,Karma Training Instructor with Grizzly Bear,This photo showcases the lighthearted side of Karma Training while still highlighting the companys presence in the Northwestern BC wilderness.  It features one of their experienced instructors, emphasizing the practical, hands-on approach to safety training offered by Karma Training.,Karma Training, safety training, Northwestern BC, instructor, team photo, grizzly bear, workplace safety,NULL,NULL,team-photos,0,0,2,2025-08-01 02:41:04,NULL,deleted
77,1752447725212-Bear_1.webp,Bear_1.webp,435516,image/webp,webp,/uploads/team-photos/1752447725212-Bear_1.webp,NULL,NULL,NULL,A photo of an instructor from Karma Training, a premier safety training provider in Northwestern BC, standing next to a large grizzly bear cutout.  The instructor is wearing a Karma Training shirt and hat. The image highlights the companys presence in a region with wildlife considerations.,Karma Training Instructor with Grizzly Bear,This image showcases one of Karma Trainings experienced instructors in Northwestern BC.  The inclusion of the grizzly bear symbolizes the unique challenges and considerations of working in the regions rugged environment, underscoring Karma Trainings commitment to comprehensive safety education.,Karma Training, safety training, Northwestern BC, instructor, grizzly bear, workplace safety, wildlife awareness,NULL,NULL,team-photos,0,0,2,2025-08-01 02:41:04,NULL,deleted
78,1752447730694-Fall_Pro_4.webp,Fall Pro_4.webp,242260,image/webp,webp,/uploads/course-images/1752447730694-Fall_Pro_4.webp,NULL,NULL,NULL,A group of students attentively watch a safety training video during a Karma Training session.  The image shows a classroom setting with participants seated at tables, focusing on a screen displaying instructional content.  A tripod and safety equipment are visible in the foreground.  This training is provided by Karma Training, a leading provider of premier safety training programs in Northwestern BC.,Safety Training Class in Session,This image showcases a typical Karma Training class in session.  Our hands-on approach to safety training utilizes various media to engage participants and ensures effective knowledge retention.  Participants learn crucial safety procedures and best practices in a supportive and interactive environment.  We utilize client facilities and equipment, making training realistic and relevant to daily work tasks.,safety training, Karma Training, workplace safety, Northwestern BC, industrial safety, training class, safety video,NULL,NULL,course-images,0,0,2,2025-08-01 02:41:04,NULL,active
79,1752447736129-Fall_Pro_3.webp,Fall Pro_3.webp,718158,image/webp,webp,/uploads/course-images/1752447736129-Fall_Pro_3.webp,NULL,NULL,NULL,A student participating in a fall protection training course offered by Karma Training in Northwestern BC. The image shows a person wearing a safety harness attached to a tripod, demonstrating proper fall arrest techniques as part of a hands-on training exercise.,Fall Protection Training,Karma Trainings fall protection course provides practical, hands-on training to ensure workers understand and can correctly utilize safety equipment.  This ensures compliance with WorkSafeBC regulations and minimizes risk in high-risk environments. Training takes place at the clients facility using their equipment.,fall protection, safety training, harness, WorkSafeBC, occupational safety,  Northwestern BC, Karma Training,NULL,NULL,course-images,0,0,2,2025-08-01 02:41:04,NULL,active
80,1752447741895-Fall_Pro_2.webp,Fall Pro_2.webp,717324,image/webp,webp,/uploads/course-images/1752447741895-Fall_Pro_2.webp,NULL,NULL,NULL,A student, wearing a safety harness, participates in a fall protection training exercise with Karma Training in Northwestern BC. The training emphasizes hands-on learning and practical application of safety regulations.,Fall Protection Training,Karma Training provides comprehensive fall protection training programs.  This image shows a student practicing safe techniques using provided equipment.  Our courses are tailored to meet WorkSafeBC standards and client-specific needs, ensuring a safe and productive workplace.,fall protection, safety training, WorkSafeBC, harness training, Karma Training, Northwestern BC, hands-on training,NULL,NULL,course-images,0,0,2,2025-08-01 02:41:04,NULL,active
81,1752447747568-Fall_Pro_1.webp,Fall Pro_1.webp,933146,image/webp,webp,/uploads/course-images/1752447747568-Fall_Pro_1.webp,NULL,NULL,NULL,A student participating in a fall protection training course offered by Karma Training in Northwestern BC. The student is harnessed to a tripod stand, demonstrating proper safety techniques and equipment usage as per WorkSafeBC regulations.,Fall Protection Training,Karma Training provides comprehensive fall protection training that emphasizes hands-on practice with real-world equipment at client facilities. This ensures employees receive practical, relevant training based on WorkSafeBC standards and best safety practices.,fall protection, safety training, WorkSafeBC,  Karma Training,  Northwestern BC,  hands-on training, industrial safety,NULL,NULL,course-images,0,0,2,2025-08-01 02:41:04,NULL,active
82,1752447752594-Brandi_1.webp,Brandi_1.webp,187604,image/webp,webp,/uploads/team-photos/1752447752594-Brandi_1.webp,NULL,NULL,NULL,A friendly headshot of a female instructor wearing an orange safety jacket, showcasing Karma Trainings commitment to workplace safety in Northwestern BC.  The instructor is smiling and appears approachable, reflecting Karma Trainings professional yet encouraging brand.,Meet a Karma Training Instructor,This is [Instructors Name], a valued member of the Karma Training team.  With years of experience in the industry, she exemplifies our commitment to delivering practical, hands-on safety training to clients throughout Northwestern BC.  Her expertise contributes to our 70 years of combined industrial and educational experience.,Karma Training, safety instructor, team member, Northwestern BC, workplace safety, safety training, professional headshot,NULL,NULL,team-photos,0,0,2,2025-08-01 02:41:04,NULL,deleted
83,1752447757526-Brandi_7.webp,Brandi_7.webp,477790,image/webp,webp,/uploads/team-photos/1752447757526-Brandi_7.webp,NULL,NULL,NULL,A photo of a female instructor wearing a bright orange high-visibility safety jacket, standing against a light beige wall.  She is an instructor at Karma Training, a premier safety training provider in Northwestern BC, showcasing the companys commitment to workplace safety.,Karma Training Instructor,Meet one of the dedicated instructors at Karma Training. Our team combines over 70 years of experience in industrial settings and education to deliver top-tier safety training programs throughout Northwestern BC.  We prioritize hands-on, practical training using clients own equipment, ensuring a relevant and effective learning experience.,Karma Training, safety instructor, team member, workplace safety, Northwestern BC, safety training, industrial safety,NULL,NULL,team-photos,0,0,2,2025-08-01 02:41:04,NULL,deleted
84,1752447762434-Brandi_6.webp,Brandi_6.webp,76334,image/webp,webp,/uploads/team-photos/1752447762434-Brandi_6.webp,NULL,NULL,NULL,A photograph of a woman, a member of the Karma Training team, wearing glasses and a dark jacket.  She is seated in a vehicle. This image showcases the people behind Karma Trainings commitment to workplace safety in Northwestern BC.,Meet a Karma Training Team Member,Get to know the faces behind Karma Trainings success.  Our team of experienced professionals are dedicated to providing premier safety training and consulting services throughout Northwestern BC.  We bring over 70 years of combined industrial and educational experience to every client interaction.,team photo, Karma Training, safety training, Northwestern BC, instructor, workplace safety,NULL,NULL,team-photos,0,0,2,2025-08-01 02:41:04,NULL,deleted
85,1752447767246-Brandi_5.webp,Brandi_5.webp,479320,image/webp,webp,/uploads/team-photos/1752447767246-Brandi_5.webp,NULL,NULL,NULL,A friendly photo of a female instructor wearing a bright orange high-visibility safety jacket, smiling at the camera.  This is a member of the Karma Training team, a premier safety training provider in Northwestern BC.,Meet a Karma Training Instructor,This is [Instructors Name], a valued member of the Karma Training team.  With over 70 years of combined experience in industrial safety and education, our team is dedicated to providing practical, hands-on training that helps businesses in Northwestern BC maintain a safe and productive work environment.  See how Karma Trainings expertise can benefit your workplace.,Karma Training, safety instructor, team member, workplace safety, Northwestern BC, industrial safety, safety training,NULL,NULL,team-photos,0,0,2,2025-08-01 02:41:04,NULL,deleted
86,1752447772068-Brandi_8.webp,Brandi_8.webp,540910,image/webp,webp,/uploads/team-photos/1752447772068-Brandi_8.webp,NULL,NULL,NULL,A friendly headshot of a Karma Training team member wearing a high-visibility safety jacket.  Karma Training provides premier safety training programs in Northwestern BC.,Karma Training Team Member,Meet one of the dedicated and experienced members of the Karma Training team.  Our team is committed to providing practical, hands-on safety training to ensure a safe work environment for all.,team photo, Karma Training, safety training, Northwestern BC, instructor, safety expert, workplace safety,NULL,NULL,team-photos,0,0,2,2025-08-01 02:41:04,NULL,deleted
87,1752447776978-Brandi_4.webp,Brandi_4.webp,549470,image/webp,webp,/uploads/team-photos/1752447776978-Brandi_4.webp,NULL,NULL,NULL,A photo of a team member at Karma Training, a premier safety training provider in Northwestern BC. The individual is wearing an orange high-visibility safety jacket and sunglasses, standing against a light beige wall.  This image showcases the expertise and commitment to safety that Karma Training represents.,Karma Training Team Member,Meet one of the dedicated professionals at Karma Training.  Our team brings over 70 years of combined experience in industrial safety and training to provide clients with the best possible safety programs and consulting in Northwestern BC.  Were committed to hands-on, practical training and creating a safe workplace for everyone.,Karma Training, team member, safety training, Northwestern BC, safety expert, industrial safety, high-visibility,NULL,NULL,team-photos,0,0,2,2025-08-01 02:41:04,NULL,deleted
88,1752447782263-Brandi_3.webp,Brandi_3.webp,532802,image/webp,webp,/uploads/team-photos/1752447782263-Brandi_3.webp,NULL,NULL,NULL,A smiling woman wearing an orange high-visibility safety jacket stands against a beige wall. This is a team photo of an employee at Karma Training, a premier safety training provider in Northwestern BC.,Karma Training Team Member,Meet one of the friendly and experienced faces behind Karma Training. Our team is dedicated to providing top-tier safety training and consulting services to businesses in Northwestern BC.  With over 70 years of combined experience, we are committed to making workplaces safer.,team photo, Karma Training, safety training, Northwestern BC, safety professional, instructor, workplace safety,NULL,NULL,team-photos,0,0,2,2025-08-01 02:41:04,NULL,deleted
89,1752447787074-Brandi_2.webp,Brandi_2.webp,187650,image/webp,webp,/uploads/team-photos/1752447787074-Brandi_2.webp,NULL,NULL,NULL,A friendly headshot of Brandi at Karma Training, wearing an orange safety jacket.  Karma Training provides premier safety training programs in Northwestern BC.,Brandi,Meet one of the dedicated and experienced members of the Karma Training team. Our instructors are committed to providing practical, hands-on safety training to ensure a safer workplace for everyone in Northwestern BC.,team photo, Karma Training, safety instructor, Northwestern BC, safety training, workplace safety, team member,NULL,NULL,team-photos,0,0,2,2025-08-01 02:41:04,NULL,active
90,1752447791515-Wheel_Loader_1.webp,Wheel Loader_1.webp,425352,image/webp,webp,/uploads/other/1752447791515-Wheel_Loader_1.webp,NULL,NULL,NULL,A yellow wheel loader, part of hands-on heavy equipment operation training provided by Karma Training in Northwestern BC.  The image shows the machine operating on a work site, demonstrating practical, real-world training.,Heavy Equipment Operation Training,Karma Trainings commitment to practical safety training is evident in this image. Students receive hands-on experience operating heavy equipment, like this wheel loader, at client sites using real-world equipment and scenarios. This ensures theyre fully prepared to operate heavy machinery safely and efficiently in their workplace.,heavy equipment operation, wheel loader, IVES certification, WorkSafeBC, safety training, Karma Training, Northwestern BC,NULL,NULL,other,0,0,2,2025-08-01 02:41:04,NULL,active
91,1752447796155-Wheel_Loader_2.webp,Wheel Loader_2.webp,307880,image/webp,webp,/uploads/course-images/1752447796155-Wheel_Loader_2.webp,NULL,NULL,NULL,A John Deere wheel loader in a muddy worksite, illustrating hands-on heavy equipment operator training offered by Karma Training in Northwestern BC. The training emphasizes practical skills and adherence to WorkSafeBC regulations.,Heavy Equipment Operator Training,Karma Training provides practical, hands-on heavy equipment operator training at client locations. This image showcases the real-world environment where our students gain valuable experience operating machinery such as this John Deere wheel loader, ensuring they meet the standards set by WorkSafeBC and receive their IVES certification.,heavy equipment training, wheel loader, IVES certification, WorkSafeBC, operator training, hands-on training, Northwestern BC,NULL,NULL,course-images,0,0,2,2025-08-01 02:41:04,NULL,active
92,1752447801160-Forklift_3.webp,Forklift_3.webp,235396,image/webp,webp,/uploads/course-images/1752447801160-Forklift_3.webp,NULL,NULL,NULL,A yellow Hyster forklift, model 230-48, is shown moving cargo containers at a client site. This image highlights the practical, hands-on training approach used by Karma Training, a premier safety training provider in Northwestern BC, in their IVES operator certification programs.,Hyster Forklift Handling Cargo Containers,This photo showcases the real-world scenarios students encounter during Karma Trainings hands-on heavy equipment operator training.  Our IVES certified programs utilize client equipment at their facilities to provide the most practical and relevant safety training possible, ensuring trainees are confident and competent operating machinery like this Hyster forklift.,forklift training, Hyster forklift, heavy equipment, cargo container, safety training, IVES certification, Karma Training,NULL,NULL,course-images,0,0,2,2025-08-01 02:41:04,NULL,active
93,1752447806446-Forklift_2.webp,Forklift_2.webp,344440,image/webp,webp,/uploads/course-images/1752447806446-Forklift_2.webp,NULL,NULL,NULL,A yellow Hyster forklift, used in a hands-on training exercise by Karma Training, a premier safety training provider in Northwestern BC.  The image shows the forklift in a clients facility, illustrating Karma Trainings on-site, practical approach to safety training.,Hyster Forklift Operator Training,Karma Training provides practical, hands-on forklift operator training at your facility using your equipment.  This image shows a typical training environment where our instructors work with clients to ensure WorkSafeBC compliance and IVES certification.,forklift training, Hyster forklift, safety training, IVES certification, WorkSafeBC, Karma Training, Northwestern BC,NULL,NULL,course-images,0,0,2,2025-08-01 02:41:04,NULL,active
94,1752447812338-Forklift_5.webp,Forklift_5.webp,395320,image/webp,webp,/uploads/course-images/1752447812338-Forklift_5.webp,NULL,NULL,NULL,A student operator practicing precision maneuvers with a forklift during a Karma Training course.  The image shows a student operating an orange forklift, carefully moving a barrel on a pallet, demonstrating safe and precise handling techniques as part of their IVES-certified training program by Karma Training in Northwestern BC.,Forklift Operator Training Maneuver,This image showcases the hands-on nature of Karma Trainings forklift operator certification program. Students learn practical skills using real equipment at client sites, adhering to WorkSafeBC regulations and achieving IVES certification.  Our focus on real-world application ensures that trainees are well-prepared for the demands of their workplace.,forklift training, IVES certification, WorkSafeBC, safety training, Karma Training, Northwestern BC, hands-on training,NULL,NULL,course-images,0,0,2,2025-08-01 02:41:04,NULL,active
95,1752447817486-Forklift_4.webp,Forklift_4.webp,499380,image/webp,webp,/uploads/course-images/1752447817486-Forklift_4.webp,NULL,NULL,NULL,A student operator practicing forklift maneuvering skills during a Karma Training course in Northwestern BC. The image shows a yellow Hyundai forklift navigating a course with orange cones, demonstrating hands-on training focused on practical application and safety.,Forklift Maneuvering Training Exercise,This image showcases the practical, hands-on nature of Karma Trainings IVES certified forklift operator training.  Our courses take place at client facilities, utilizing their equipment to ensure trainees develop proficiency in their specific work environment. This training adheres to WorkSafeBC regulations.,forklift training, safety training, IVES certification, WorkSafeBC, Karma Training, hands-on training, Northwestern BC,NULL,NULL,course-images,0,0,2,2025-08-01 02:41:04,NULL,active
96,1752447822732-Forklift_1.webp,Forklift_1.webp,265950,image/webp,webp,/uploads/course-images/1752447822732-Forklift_1.webp,NULL,NULL,NULL,A student operating a forklift during a hands-on training session provided by Karma Training in Northwestern BC.  The image shows the student safely maneuvering the forklift to move a pallet near a shipping container, demonstrating practical skills and adherence to WorkSafeBC regulations.,Forklift Operation Training,This image showcases the practical, hands-on nature of Karma Trainings IVES-certified forklift operation training.  Students utilize real-world equipment and scenarios at client facilities, ensuring they develop the skills and confidence necessary for safe and efficient operation in their workplaces. Our training is based on WorkSafeBC regulations.,forklift training, safety training, IVES certification, WorkSafeBC, Karma Training, hands-on training, Northwestern BC,NULL,NULL,course-images,0,0,2,2025-08-01 02:41:04,NULL,active
97,1752447827786-Ed_6.webp,Ed_6.webp,226748,image/webp,webp,/uploads/team-photos/1752447827786-Ed_6.webp,NULL,NULL,NULL,A headshot of an IVES certified trainer wearing a Karma Training shirt and hat.  The individual is an instructor at Karma Training, a premier safety training provider in Northwestern BC, specializing in WorkSafeBC compliant programs and heavy equipment operation.,IVES Certified Trainer at Karma Training,Meet one of the experienced instructors at Karma Training.  With over 70 years of combined experience in industry and education, our team is dedicated to providing practical, hands-on safety training that meets the highest standards.  This IVES certified trainer exemplifies our commitment to workplace safety in Northwestern BC.,Karma Training, safety training, IVES certified, instructor, team, headshot, Northwestern BC,NULL,NULL,team-photos,0,0,2,2025-08-01 02:41:04,NULL,deleted
98,1752447833026-Ed_1.webp,Ed_1.webp,259992,image/webp,webp,/uploads/team-photos/1752447833026-Ed_1.webp,NULL,NULL,NULL,A close-up photo of Edward wearing a Karma Training shirt and an IVES Certified Trainer hat, reviewing training materials.  The image highlights Karma Trainings commitment to providing certified safety training in Northwestern BC.,Edward,Meet one of Karma Trainings highly experienced instructors.  Our team is comprised of professionals with over 70 years of combined experience in industrial safety and education. This dedication to expertise ensures our clients receive the highest quality safety training, tailored to their specific needs and WorkSafeBC regulations.,Karma Training, IVES certified, safety training, instructor, Northwestern BC, WorkSafeBC, team,NULL,NULL,team-photos,0,0,2,2025-08-01 02:41:04,NULL,active
99,1752447838027-Ed_3.webp,Ed_3.webp,260502,image/webp,webp,/uploads/team-photos/1752447838027-Ed_3.webp,NULL,NULL,NULL,A close-up photo of an instructor wearing an IVES Certified Trainer hat and a Karma Training shirt. Hes reviewing an operators manual.  The image highlights Karma Trainings commitment to certified and experienced safety trainers in Northwestern BC.,IVES Certified Trainer at Karma Training,Meet one of Karma Trainings highly skilled and certified instructors.  With years of experience, our team provides premier safety training programs, including IVES operator certification for heavy equipment,  ensuring a safe and productive workplace for our clients in Northwestern BC.,Karma Training, IVES certified trainer, safety training, instructor, Northwestern BC, heavy equipment, workplace safety,NULL,NULL,team-photos,0,0,2,2025-08-01 02:41:04,NULL,deleted
100,1752447843085-Ed_2.webp,Ed_2.webp,224972,image/webp,webp,/uploads/team-photos/1752447843085-Ed_2.webp,NULL,NULL,NULL,A close-up photo of an instructor wearing a Karma Training shirt and an IVES Certified Trainer hat. He is reviewing a manual, highlighting Karma Trainings commitment to providing high-quality safety training in Northwestern BC.,Karma Training Instructor,Meet one of our experienced instructors at Karma Training.  With over 70 years of combined experience in industrial safety and education, our team delivers practical, hands-on training programs based on WorkSafeBC regulations and IVES operator certifications.  This commitment to excellence ensures our clients receive the highest standard of safety training.,Karma Training, safety training, IVES certified, instructor, Northwestern BC, WorkSafeBC, team,NULL,NULL,team-photos,0,0,2,2025-08-01 02:41:04,NULL,deleted
101,1752447847608-Ed_5.webp,Ed_5.webp,194676,image/webp,webp,/uploads/team-photos/1752447847608-Ed_5.webp,NULL,NULL,NULL,A close-up photo shows an IVES certified trainer wearing a Karma Training shirt and hat, attentively reading an operators manual.  He is an experienced instructor at Karma Training, a premier safety training provider in Northwestern BC.,IVES Certified Trainer at Karma Training,This image features one of Karma Trainings highly experienced instructors, showcasing their commitment to providing top-tier safety training.  The instructors IVES certification and Karma Training apparel highlight the quality and expertise of the companys training programs in Northwestern BC.,Karma Training, IVES certified trainer, safety training, instructor, Northwestern BC, workplace safety, operator training,NULL,NULL,team-photos,0,0,2,2025-08-01 02:41:04,NULL,deleted
102,1752447852323-Ed_4.webp,Ed_4.webp,259082,image/webp,webp,/uploads/team-photos/1752447852323-Ed_4.webp,NULL,NULL,NULL,A close-up photo of an instructor wearing a Karma Training shirt and an IVES Certified Trainer hat, reviewing materials for a safety training course.  The image highlights Karma Trainings commitment to providing high-quality, certified training programs in Northwestern BC.,IVES Certified Trainer at Karma Training,Meet one of Karma Trainings expert instructors, a certified IVES trainer with years of experience in industrial safety. This photo showcases the dedication and expertise within the Karma Training team, committed to delivering practical and effective safety training programs tailored to the needs of Northwestern BC businesses.,Karma Training, IVES Certified Trainer, safety training, Northwestern BC, instructor, team, workplace safety,NULL,NULL,team-photos,0,0,2,2025-08-01 02:41:04,NULL,deleted
103,1752447874392-Jessica_1.webp,Jessica_1.webp,176866,image/webp,webp,/uploads/team-photos/1752447874392-Jessica_1.webp,NULL,NULL,NULL,Headshot of an instructor at Karma Training, a premier safety training provider in Northwestern BC.  The instructor is a woman with dark hair, wearing a black cardigan.  Karma Training offers WorkSafeBC compliant safety training and IVES operator certification.,Headshot of Karma Training Instructor,Meet one of the dedicated instructors at Karma Training.  With over 70 years of combined experience in industry and education, our team provides top-tier safety training programs across Northwestern BC. Our focus is on practical, hands-on training using client equipment to ensure the best possible learning experience.,Karma Training, safety instructor, team member, headshot, Northwestern BC, workplace safety, industrial training,NULL,NULL,team-photos,0,0,2,2025-08-01 02:41:04,NULL,deleted
104,1752447879174-Jessica_2.webp,Jessica_2.webp,180430,image/webp,webp,/uploads/team-photos/1752447879174-Jessica_2.webp,NULL,NULL,NULL,A professional headshot of Jessica at Karma Training, a premier safety training provider in Northwestern BC.  She is wearing a black sweater and looks directly at the camera.,Jessica,Meet one of the dedicated and experienced members of the Karma Training team.  With over 70 years of combined experience in industrial safety and education, Karma Trainings team is committed to providing top-tier safety training programs for businesses in Northwestern BC.,team photo, Karma Training, safety training, Northwestern BC, instructor, workplace safety, professional headshot,NULL,NULL,team-photos,0,0,2,2025-08-01 02:41:04,NULL,active
105,1752447884084-Classroom_4.webp,Classroom_4.webp,153890,image/webp,webp,/uploads/course-images/1752447884084-Classroom_4.webp,NULL,NULL,NULL,Three students actively participate in a hands-on rigging safety training session led by Karma Training instructors in Northwestern BC.  The image shows trainees inspecting and handling rigging equipment, demonstrating practical application of WorkSafeBC safety regulations.,Hands-On Rigging Safety Training,This image captures a dynamic moment in a Karma Training rigging safety course. Students are engaged in practical, hands-on learning, handling and inspecting rigging equipment under the guidance of experienced instructors. This immersive approach reinforces safety procedures and best practices, ensuring participants gain the necessary skills for a safe work environment.  Karma Trainings commitment to practical application and WorkSafeBC compliance is evident.,rigging safety, safety training, WorkSafeBC, hands-on training, Karma Training, Northwestern BC, industrial safety,NULL,NULL,course-images,0,0,2,2025-08-01 02:41:04,NULL,active
106,1752447889408-Classroom_8.webp,Classroom_8.webp,174432,image/webp,webp,/uploads/course-images/1752447889408-Classroom_8.webp,NULL,NULL,NULL,Image of a classroom set up for a safety training course by Karma Training in Northwestern BC.  Multiple tables with chairs are arranged, along with safety materials and a laptop. A banner emphasizing workplace safety is visible on the wall.,Classroom Setup for Safety Training,This photo showcases a typical classroom setup for Karma Trainings on-site safety courses.  The image highlights the practical, hands-on approach Karma Training takes, using client facilities and equipment to provide relevant and engaging training experiences.  Note the safety-focused materials and the commitment to WorkSafeBC regulations.,safety training, classroom, Karma Training, Northwestern BC, WorkSafeBC, hands-on training, industrial safety,NULL,NULL,course-images,0,0,2,2025-08-01 02:41:04,NULL,active
107,1752447894268-Classroom_9.webp,Classroom_9.webp,168248,image/webp,webp,/uploads/course-images/1752447894268-Classroom_9.webp,NULL,NULL,NULL,A group of workers attentively participate in a safety training session led by Karma Training in Northwestern BC. The session incorporates visual aids displayed on large screens, demonstrating safety procedures and best practices.  This image highlights Karma Trainings commitment to practical, hands-on learning.,Workplace Safety Training Session,Karma Training delivers engaging and informative safety training sessions at client facilities.  This image captures a typical session, showcasing the use of multimedia presentations and interactive learning environments to ensure employees receive comprehensive safety instruction tailored to their specific workplace needs and WorkSafeBC regulations.,safety training, workplace safety, Karma Training, Northwestern BC, WorkSafeBC, industrial safety, training session,NULL,NULL,course-images,0,0,2,2025-08-01 02:41:04,NULL,active
108,1752447899349-Classroom_5.webp,Classroom_5.webp,246382,image/webp,webp,/uploads/course-images/1752447899349-Classroom_5.webp,NULL,NULL,NULL,A group of students attentively listening to an instructor during a safety training classroom session conducted by Karma Training in Northwestern BC. The presentation displays information about mobile elevating work platforms, highlighting Karma Trainings commitment to practical, WorkSafeBC compliant training.,Safety Training Classroom Session,This image captures a typical classroom session at Karma Training. Our experienced instructors deliver engaging and informative safety training programs based on WorkSafeBC regulations, using practical examples and visual aids to ensure effective learning.  This particular session focuses on Mobile Elevating Work Platforms.  We bring the training to your location, using your equipment for the most effective, hands-on learning experience.,safety training, classroom training, WorkSafeBC, Northwestern BC, Karma Training, mobile elevating work platforms, industrial safety,NULL,NULL,course-images,0,0,2,2025-08-01 02:41:04,NULL,active
109,1752447904333-Classroom_2.webp,Classroom_2.webp,133270,image/webp,webp,/uploads/course-images/1752447904333-Classroom_2.webp,NULL,NULL,NULL,A photo showing a classroom setting where several students are actively participating in a safety training course provided by Karma Training.  The students are seated at tables, taking notes while a presentation on suspension trauma is shown on a large screen. This image depicts Karma Trainings commitment to practical, hands-on learning.,Safety Training Course in Session,Karma Training delivers engaging and informative safety training programs. This image captures a typical classroom session where participants are focused on learning crucial safety concepts, reflecting our commitment to practical, hands-on training that meets WorkSafeBC standards.  Our expert instructors provide a supportive learning environment ensuring participants gain the knowledge and skills to maintain a safe workplace.,safety training, workplace safety, Karma Training, Northwestern BC, course image, classroom training, industrial safety,NULL,NULL,course-images,0,0,2,2025-08-01 02:41:04,NULL,active
110,1752447908944-Classroom_3.webp,Classroom_3.webp,58744,image/webp,webp,/uploads/course-images/1752447908944-Classroom_3.webp,NULL,NULL,NULL,A screen displaying a presentation slide for Rigger/Signalperson Level 1 training presented by Jack Cook at Karma Training, a premier safety training provider in Northwestern BC.  The slide includes the Karma Training logo and an image of a hook.,Rigger/Signalperson Level 1 Training,This image shows a presentation slide from a Karma Training course on Rigger/Signalperson Level 1, instructed by Jack Cook.  Karma Training offers practical, hands-on safety training programs based on WorkSafeBC regulations.,rigger training, signalperson training, safety training, Karma Training, Jack Cook, Northwestern BC, Level 1,NULL,NULL,course-images,0,0,2,2025-08-01 02:41:04,NULL,active
111,1752447913392-Classroom_1.webp,Classroom_1.webp,120638,image/webp,webp,/uploads/course-images/1752447913392-Classroom_1.webp,NULL,NULL,NULL,Image of a classroom setup for a safety training course offered by Karma Training in Northwestern BC.  The room is equipped with individual desks, chairs, and training materials. A large screen displays the Karma Training logo and course information.,Classroom Setup for Safety Training,This image showcases the classroom environment at Karma Training where our safety courses are delivered. Our hands-on approach ensures all participants get personalized attention and learning.  The comfortable and well-equipped space facilitates effective learning for all our participants.,safety training, classroom, Karma Training, Northwestern BC, course, industrial safety, training facility,NULL,NULL,course-images,0,0,2,2025-08-01 02:41:04,NULL,active
112,1752447918772-Classroom_10.webp,Classroom_10.webp,530036,image/webp,webp,/uploads/course-images/1752447918772-Classroom_10.webp,NULL,NULL,NULL,A group of students attentively listening to an instructor during a workplace safety training session conducted by Karma Training in Northwestern BC. The instructor is presenting information on mobile elevating work platforms on a large screen.  This hands-on training program adheres to WorkSafeBC regulations.,Workplace Safety Training Session,Karma Training provides comprehensive safety training programs tailored to the needs of industries in Northwestern BC. This image shows a typical classroom session where our experienced instructors deliver engaging presentations and discussions, ensuring participants gain a thorough understanding of essential safety procedures and regulations.  Our training is practical and hands-on, often utilizing the clients own equipment.,safety training, workplace safety, WorkSafeBC, Northwestern BC, Karma Training,  industrial safety, training session,NULL,NULL,course-images,0,0,2,2025-08-01 02:41:04,NULL,active
113,1752447923627-Classroom_6.webp,Classroom_6.webp,221424,image/webp,webp,/uploads/course-images/1752447923627-Classroom_6.webp,NULL,NULL,NULL,A photograph showing a group of students attentively participating in a safety training session led by Karma Training.  The image depicts a classroom setting with participants seated at tables, focused on the instruction.  Karma Training, a premier safety training provider in Northwestern BC, delivers this hands-on, practical training.,Group Safety Training Session,This image showcases a typical Karma Training session. Our experienced instructors deliver engaging and informative safety courses at client locations, using real-world scenarios and client equipment for practical, hands-on learning. We are committed to providing premier safety training that meets WorkSafeBC regulations.,safety training, Karma Training, WorkSafeBC, Northwestern BC, group training, classroom training, industrial safety,NULL,NULL,course-images,0,0,2,2025-08-01 02:41:04,NULL,active
114,1752447929169-Classroom_7.webp,Classroom_7.webp,512048,image/webp,webp,/uploads/course-images/1752447929169-Classroom_7.webp,NULL,NULL,NULL,A group of students attentively listening to an instructor during a safety training session on mobile elevating work platforms, offered by Karma Training in Northwestern BC. The training emphasizes WorkSafeBC regulations and practical, hands-on learning.,Mobile Elevating Work Platform Safety Training,Karma Trainings safety courses are known for their practical approach. This image shows a classroom setting where students are engaged in a training session focusing on the safe operation of mobile elevating work platforms MEWPs, adhering to WorkSafeBC guidelines.  Our instructors combine years of industry experience with educational expertise to deliver effective and engaging training.,safety training, MEWP, mobile elevating work platform, WorkSafeBC, Karma Training, Northwestern BC, classroom training,NULL,NULL,course-images,0,0,2,2025-08-01 02:41:04,NULL,active
115,1752447935169-Lana_1.webp,Lana_1.webp,167318,image/webp,webp,/uploads/team-photos/1752447935169-Lana_1.webp,NULL,NULL,NULL,Professional headshot of Lana at Karma Training, a premier safety training provider in Northwestern BC. She is wearing glasses and a black shirt.,Lana,Meet one of the friendly faces behind Karma Trainings success. Our team boasts over 70 years of combined experience in industrial safety and education, ensuring our clients receive the highest quality training and consulting services.,team photo, Karma Training, safety training, Northwestern BC, instructor, professional headshot, workplace safety,NULL,NULL,team-photos,0,0,2,2025-08-01 02:41:04,NULL,active
116,1752447940075-Jack_1.webp,Jack_1.webp,678904,image/webp,webp,/uploads/team-photos/1752447940075-Jack_1.webp,NULL,NULL,NULL,A photograph of Jack Cook, an experienced instructor at Karma Training, a premier safety training provider in Northwestern BC.  He is standing near a large brown bear in a wooded area.,Meet Jack, Karma Training Instructor,Meet Jack, one of the valued members of the Karma Training team. With years of experience in industrial safety, Jack brings practical expertise and a commitment to workplace safety to every training session.  His dedication to safety is reflected in his work with Karma Training, providing premier safety training programs for industry and commerce in Northwestern BC.,Karma Training, safety instructor, team member, Northwestern BC, workplace safety, industrial safety, training expert,NULL,NULL,team-photos,0,0,2,2025-08-01 02:41:04,NULL,active
117,1752447945129-Jack_2.webp,Jack_2.webp,526092,image/webp,webp,/uploads/other/1752447945129-Jack_2.webp,NULL,NULL,NULL,A photo of an instructor from Karma Training, a premier safety training provider in Northwestern BC, standing next to a large brown bear. The instructor is wearing a Karma Training jacket and is standing between two large trees.  This image highlights the importance of wildlife safety training in the region.,Karma Training Instructor with Bear,This photo showcases one of Karma Trainings experienced instructors.  The image symbolizes the practical, hands-on approach to safety training Karma Training offers in Northwestern BCs unique environment, emphasizing the importance of awareness and preparedness in various situations. It’s a reminder of the diverse workplace challenges covered in their programs.,Karma Training, safety training, Northwestern BC, wildlife safety, instructor, team photo, bear,NULL,NULL,other,0,0,2,2025-08-01 02:41:04,NULL,active
118,1752447949933-Rigging_3.webp,Rigging_3.webp,192422,image/webp,webp,/uploads/course-images/1752447949933-Rigging_3.webp,NULL,NULL,NULL,Image shows various fall protection equipment, including ropes, harnesses, lanyards, and carabiners, laid out on a table. This equipment is used in hands-on safety training courses provided by Karma Training in Northwestern BC, ensuring compliance with WorkSafeBC regulations.,Fall Protection Equipment Training,Karma Training utilizes a practical, hands-on approach to safety training. This image showcases the type of equipment used in our fall protection courses.  Students get practical experience with industry-standard gear, ensuring theyre prepared for real-world workplace situations. Our training adheres to all WorkSafeBC regulations.,fall protection, safety training, WorkSafeBC, rope access, harness, lanyard,  Karma Training,NULL,NULL,course-images,0,0,2,2025-08-01 02:41:04,NULL,active
119,1752447955043-Rigging_2.webp,Rigging_2.webp,187244,image/webp,webp,/uploads/course-images/1752447955043-Rigging_2.webp,NULL,NULL,NULL,Image showing various rigging hardware and lifting equipment, including shackles, wire rope clips, and slings, laid out on tables for a hands-on training session by Karma Training, a premier safety training provider in Northwestern BC.  The image showcases the practical, hands-on approach of Karma Trainings safety courses.,Rigging Hardware and Lifting Equipment Training,Karma Training utilizes real-world equipment in its practical safety training programs. This image depicts a typical hands-on session featuring rigging hardware and lifting equipment, ensuring students gain valuable, practical experience with the tools and materials used in various industries.  This type of training is essential for workplace safety and WorkSafeBC compliance.,rigging, lifting equipment, safety training, Karma Training, WorkSafeBC, hands-on training, Northwestern BC,NULL,NULL,course-images,0,0,2,2025-08-01 02:41:04,NULL,active
120,1752447959866-Rigging_1.webp,Rigging_1.webp,183982,image/webp,webp,/uploads/course-images/1752447959866-Rigging_1.webp,NULL,NULL,NULL,Image of a classroom setup at a Karma Training session, showcasing various rigging hardware and safety equipment laid out on tables.  The image depicts hands-on training materials used by Karma Training, a premier safety training provider in Northwestern BC, demonstrating their practical approach to workplace safety.,Rigging Hardware and Safety Equipment Training,Karma Trainings commitment to practical, hands-on safety training is evident in this image.  The classroom is equipped with several work stations, each with its own learning materials.  The focus is on equipment like chains, slings, shackles, and other rigging hardware, illustrating the emphasis on practical skills development in their safety courses.,safety training, rigging, hardware, hands-on training, Karma Training, WorkSafeBC, Northwestern BC,NULL,NULL,course-images,0,0,2,2025-08-01 02:41:04,NULL,active
121,1752447964620-NI-Forklift_1.webp,NI-Forklift_1.webp,160142,image/webp,webp,/uploads/course-images/1752447964620-NI-Forklift_1.webp,NULL,NULL,NULL,A Genie GR-20 Runabout lift is shown in a clients facility.  This image depicts hands-on training provided by Karma Training, focusing on practical operation and safety regulations for this type of equipment.  An instructor is visible in the background.,Genie GR-20 Runabout Lift Training,Karma Trainings emphasis on practical, hands-on safety training is demonstrated here. Students receive hands-on training with various types of equipment, including this Genie GR-20 Runabout lift, at their place of work, using their own equipment.  This ensures that training is directly relevant to their daily tasks and maximizes knowledge retention.,Genie GR-20, Runabout lift, aerial lift training, safety training, Karma Training, Northwestern BC, WorkSafeBC,NULL,NULL,course-images,0,0,2,2025-08-01 02:41:04,NULL,active
122,1752447970161-NI-Forklift_3.webp,NI-Forklift_3.webp,159166,image/webp,webp,/uploads/course-images/1752447970161-NI-Forklift_3.webp,NULL,NULL,NULL,Image shows students participating in hands-on aerial lift training provided by Karma Training in Northwestern BC.  The photo features various types of aerial lifts, including a JLG Toucan 20E and a Genie GR-20, highlighting the practical, hands-on nature of Karma Trainings safety programs.,Hands-On Aerial Lift Training,Karma Trainings safety courses utilize real-world equipment and scenarios. This image depicts a training session involving various types of aerial work platforms, showcasing our commitment to practical, hands-on learning experiences that adhere to WorkSafeBC regulations.,aerial lift training, safety training, JLG, Genie, WorkSafeBC, Northwestern BC, Karma Training, hands-on training,NULL,NULL,course-images,0,0,2,2025-08-01 02:41:04,NULL,active
123,1752447975638-NI-Forklift_2.webp,NI-Forklift_2.webp,155086,image/webp,webp,/uploads/course-images/1752447975638-NI-Forklift_2.webp,NULL,NULL,NULL,Image of a JLG Toucan 20E electric aerial lift, showcasing the type of equipment used in Karma Trainings hands-on heavy equipment operation certification courses.  Karma Training provides premier safety training programs in Northwestern BC.,JLG Toucan 20E Aerial Lift Training,Karma Training utilizes a variety of modern equipment, including this JLG Toucan 20E aerial lift, for its practical, hands-on safety training programs.  Students gain valuable experience operating heavy machinery and learn safety procedures in a real-world setting, complying with WorkSafeBC regulations.,JLG Toucan 20E, aerial lift training, heavy equipment operation, safety training, WorkSafeBC, Karma Training, Northwestern BC,NULL,NULL,course-images,0,0,2,2025-08-01 02:41:04,NULL,active
124,1752447980355-NI-Forklift_5.webp,NI-Forklift_5.webp,267574,image/webp,webp,/uploads/course-images/1752447980355-NI-Forklift_5.webp,NULL,NULL,NULL,A student at Karma Training in Northwestern BC operates a Hyster forklift during a hands-on training session.  The image shows the student practicing safe forklift operation within a warehouse setting, highlighting Karma Trainings commitment to practical, WorkSafeBC-compliant training.,Forklift Operation Training,This image showcases Karma Trainings commitment to practical, hands-on safety training.  Students receive IVES-certified instruction on the latest equipment, using clients facilities and equipment, ensuring relevant and effective training that meets WorkSafeBC regulations.,forklift training, Hyster forklift, safety training, Karma Training, WorkSafeBC, IVES certification, Northwestern BC,NULL,NULL,course-images,0,0,2,2025-08-01 02:41:04,NULL,active
125,1752447985493-NI-Forklift_4.webp,NI-Forklift_4.webp,256176,image/webp,webp,/uploads/course-images/1752447985493-NI-Forklift_4.webp,NULL,NULL,NULL,A student operating a Hyster reach truck during a hands-on training session provided by Karma Training. The training takes place in a warehouse setting, emphasizing practical skills and adherence to WorkSafeBC regulations.  Karma Training is a premier safety training provider in Northwestern BC.,Hands-On Reach Truck Training,Karma Training offers customized safety training programs, including IVES operator certification for various heavy equipment. This image showcases a student engaging in practical reach truck operation as part of our hands-on training approach at a clients facility, using their own equipment.  We ensure our students develop real-world proficiency.,reach truck training, Hyster, safety training, IVES certification, WorkSafeBC, Karma Training, Northwestern BC, hands-on training, heavy equipment operation,NULL,NULL,course-images,0,0,2,2025-08-01 02:41:04,NULL,active
126,1752447989868-Road___Rail_2.webp,Road & Rail_2.webp,43188,image/webp,webp,/uploads/company/1752447989868-Road___Rail_2.webp,NULL,NULL,NULL,An image showing a freight train passing by an industrial area. This image is used by Karma Training to illustrate the types of industrial settings where their safety training programs are relevant in Northwestern BC.,Railway Safety Training Context,This photo depicts a typical industrial scene in Northwestern BC, highlighting the importance of comprehensive safety training for workers in the transportation and logistics sectors. Karma Training provides practical, hands-on safety programs to meet the demands of these high-risk environments, ensuring workers are equipped to handle the challenges of their jobs and prioritize safety.,railway safety, industrial safety, northwestern BC, transportation safety, Karma Training, safety training, WorkSafeBC,NULL,NULL,company,0,0,2,2025-08-01 02:41:04,NULL,active
127,1752447994202-Road___Rail_1.webp,Road & Rail_1.webp,68362,image/webp,webp,/uploads/company/1752447994202-Road___Rail_1.webp,NULL,NULL,NULL,Image depicting a congested highway, highlighting the importance of driver safety and training.  This image is relevant to Karma Trainings commitment to workplace safety in Northwestern BC.,Highway Traffic Safety,This image illustrates the risks present on busy roadways.  Karma Training provides safety training programs, including defensive driving courses, to help mitigate these risks and improve driver safety. Our comprehensive training helps ensure your employees are prepared for the demands of the road and contribute to a safer work environment.,highway safety, traffic safety, driver training, workplace safety, Karma Training, Northwestern BC, road safety,NULL,NULL,company,0,0,2,2025-08-01 02:41:04,NULL,active
128,1752447999083-MEWP_1.webp,MEWP_1.webp,399172,image/webp,webp,/uploads/course-images/1752447999083-MEWP_1.webp,NULL,NULL,NULL,A student operating an articulated boom lift during a hands-on training session provided by Karma Training in Northwestern BC.  The training emphasizes practical skills and adherence to WorkSafeBC regulations.,Articulated Boom Lift Training,Karma Training provides practical, on-site safety training using clients equipment. This image shows a student gaining hands-on experience operating an articulated boom lift as part of a customized safety training program.  Our training is tailored to meet individual client needs and WorkSafeBC standards.,boom lift training, aerial lift training, safety training, WorkSafeBC,  Karma Training, Northwestern BC, hands-on training,NULL,NULL,course-images,0,0,2,2025-08-01 02:41:04,NULL,active
129,1752448003745-MEWP_6.webp,MEWP_6.webp,68458,image/webp,webp,/uploads/course-images/1752448003745-MEWP_6.webp,NULL,NULL,NULL,A student operating an aerial lift during a hands-on safety training course provided by Karma Training in Northwestern BC. The image shows a focus on practical skills and adherence to WorkSafeBC regulations.,Aerial Lift Safety Training,Karma Training provides comprehensive safety training, including practical, hands-on sessions using client equipment. This image depicts a student participating in aerial lift operation training, demonstrating our commitment to real-world safety skills development.,aerial lift training, safety training, WorkSafeBC,  heavy equipment operation, hands-on training, Karma Training, Northwestern BC,NULL,NULL,course-images,0,0,2,2025-08-01 02:41:04,NULL,active
130,1752448008333-MEWP_7.webp,MEWP_7.webp,361034,image/webp,webp,/uploads/course-images/1752448008333-MEWP_7.webp,NULL,NULL,NULL,Students participating in a hands-on aerial lift safety training course offered by Karma Training in Northwestern BC.  The image shows individuals operating and learning about aerial lifts, emphasizing practical, WorkSafeBC-compliant training.,Hands-On Aerial Lift Training,Karma Trainings commitment to practical, hands-on safety training is evident in this image.  Students receive expert instruction on aerial lift operation, ensuring they understand safety regulations and best practices before working with this equipment. This course is designed to meet WorkSafeBC standards and provides participants with the skills and knowledge to operate lifts safely and efficiently.,aerial lift training, safety training, WorkSafeBC, hands-on training, Karma Training, Northwestern BC, equipment operation,NULL,NULL,course-images,0,0,2,2025-08-01 02:41:04,NULL,active
131,1752448013380-MEWP_4.webp,MEWP_4.webp,385462,image/webp,webp,/uploads/course-images/1752448013380-MEWP_4.webp,NULL,NULL,NULL,A Karma Training student operates an aerial lift during a hands-on safety training course. The image shows a student in the lift bucket, highlighting Karma Trainings practical, client-site approach to safety training in Northwestern BC, adhering to WorkSafeBC regulations.,Aerial Lift Operator Training,This image showcases Karma Trainings commitment to practical, hands-on safety training.  Our courses utilize client equipment at their facilities, ensuring training is relevant and effective. This particular photo depicts a student participating in aerial lift operation training, demonstrating our comprehensive approach to workplace safety in Northwestern BC.,aerial lift training, safety training, WorkSafeBC, Northwestern BC, Karma Training, hands-on training, heavy equipment operation,NULL,NULL,course-images,0,0,2,2025-08-01 02:41:04,NULL,active
132,1752448019147-MEWP_8.webp,MEWP_8.webp,519288,image/webp,webp,/uploads/course-images/1752448019147-MEWP_8.webp,NULL,NULL,NULL,A student in safety gear operating a Skyjack SJIII 3226 scissor lift during a hands-on training session provided by Karma Training in Northwestern BC.  The image showcases Karma Trainings commitment to practical, client-site training using industry-standard equipment.,Skyjack Scissor Lift Safety Training,Karma Training provides comprehensive safety training, including practical sessions on various equipment. This image depicts a student operating a Skyjack scissor lift, demonstrating our commitment to hands-on learning using clients own equipment, ensuring training is relevant and effective.  Our courses incorporate WorkSafeBC regulations and industry best practices.,scissor lift training, safety training, Karma Training, WorkSafeBC, Skyjack, hands-on training, Northwestern BC,NULL,NULL,course-images,0,0,2,2025-08-01 02:41:04,NULL,active
133,1752448023773-MEWP_9.webp,MEWP_9.webp,247942,image/webp,webp,/uploads/course-images/1752448023773-MEWP_9.webp,NULL,NULL,NULL,Image shows students participating in a hands-on aerial lift safety training course by Karma Training in Northwestern BC.  The training takes place outdoors in snowy conditions, with students in the lift platform of a Sunbelt Rentals aerial lift.,Aerial Lift Safety Training in Winter Conditions,Karma Training provides practical, hands-on safety training, even in challenging weather conditions. This image depicts students participating in aerial lift operation training, showcasing our commitment to real-world skill development and WorkSafeBC compliance.,aerial lift training, safety training, winter training, WorkSafeBC,  heavy equipment operation,  Karma Training, Northwestern BC,NULL,NULL,course-images,0,0,2,2025-08-01 02:41:04,NULL,active
134,1752448028431-MEWP_5.webp,MEWP_5.webp,63940,image/webp,webp,/uploads/course-images/1752448028431-MEWP_5.webp,NULL,NULL,NULL,A student wearing safety gear operates an aerial lift during a hands-on safety training course provided by Karma Training in Northwestern BC. The image emphasizes practical, on-site training using client equipment and adherence to WorkSafeBC regulations.,Aerial Lift Safety Training,Karma Trainings commitment to practical safety training is evident in this image.  A student receives hands-on instruction operating an aerial lift at a clients facility, showcasing our focus on real-world application of safety procedures and WorkSafeBC compliance. Our courses emphasize practical skills development using the clients actual equipment.,aerial lift training, safety training, WorkSafeBC, hands-on training, Northwestern BC, Karma Training, safety certification,NULL,NULL,course-images,0,0,2,2025-08-01 02:41:04,NULL,active
135,1752448033482-MEWP_2.webp,MEWP_2.webp,296776,image/webp,webp,/uploads/course-images/1752448033482-MEWP_2.webp,NULL,NULL,NULL,Image showing a student operating an aerial lift during hands-on safety training provided by Karma Training in Northwestern BC.  The training emphasizes practical skills and adherence to WorkSafeBC regulations.,Aerial Lift Safety Training,Karma Training delivers practical, on-site safety training using clients equipment. This image depicts a student gaining hands-on experience with an aerial lift, a key component of many industrial safety training programs offered by Karma Training.  Our programs ensure workers are proficient and confident in operating machinery safely.,aerial lift training, safety training, WorkSafeBC, industrial safety, hands-on training, Northwestern BC, Karma Training,NULL,NULL,course-images,0,0,2,2025-08-01 02:41:04,NULL,active
136,1752448038736-MEWP_3.webp,MEWP_3.webp,258380,image/webp,webp,/uploads/course-images/1752448038736-MEWP_3.webp,NULL,NULL,NULL,Image shows a hands-on aerial lift training session provided by Karma Training in Northwestern BC. Students observe a lift being operated near industrial equipment, emphasizing practical, real-world safety training at a clients facility.,Aerial Lift Training at Industrial Site,Karma Training delivers practical, on-site safety training using clients equipment. This image depicts a training session focusing on the safe operation of an aerial lift, showcasing Karma Trainings commitment to hands-on learning and WorkSafeBC compliance. Our expert instructors ensure workers gain valuable skills in a real-world environment.,aerial lift training, safety training, WorkSafeBC, industrial safety, Northwestern BC, Karma Training, hands-on training,NULL,NULL,course-images,0,0,2,2025-08-01 02:41:04,NULL,active
137,1752791302003-Spotter_3.webp,Spotter 3.webp,51710,image/webp,webp,/uploads/course-images/1752791302003-Spotter_3.webp,NULL,NULL,NULL,A safety-certified spotter in a hard hat and high-visibility vest directs a large white pickup truck in a snowy industrial yard.,Professional Vehicle Spotting  Traffic Control,A trained traffic control person TCP safely guides a work vehicle in winter conditions, demonstrating proper hand signals and situational awareness. This highlights the importance of our traffic control and vehicle spotting courses for maintaining a safe worksite.,traffic control, vehicle spotter, TCP, banksman, construction safety, industrial safety, winter driving, pickup truck, high-visibility vest, hard hat, Terrace BC, Karma Industrial Safety Training, worksite safety,NULL,NULL,course-images,0,0,2,2025-08-01 02:41:04,NULL,active
138,1752791472577-Spotter_4.webp,Spotter 4.webp,83496,image/webp,webp,/uploads/other/1752791472577-Spotter_4.webp,NULL,NULL,NULL,A ground worker in coveralls and a hard hat uses hand signals to direct a large yellow excavator on a construction site.,Heavy Equipment Safety Awareness,A spotter communicates with a heavy equipment operator, ensuring the safe movement of a large excavator. Our training covers the essential communication and safety protocols for working on the ground near heavy machinery.,heavy equipment, excavator, spotter, hand signals, construction site, earthmoving, operator safety, ground disturbance, construction safety, Karma Industrial Safety Training, Terrace BC,NULL,NULL,other,0,0,2,2025-08-01 02:41:04,NULL,active
139,1752791941312-Hazardous_Energy_1.webp,Hazardous Energy 1.webp,112924,image/webp,webp,/uploads/course-images/1752791941312-Hazardous_Energy_1.webp,NULL,NULL,NULL,Multiple green and red lockout/tagout LOTO padlocks are secured on a piece of industrial equipment to ensure it is de-energized for maintenance.,Lockout/Tagout LOTO Procedures,A close-up of a group lockbox with numerous safety padlocks and tags applied. This demonstrates a critical lockout/tagout procedure, a key component of our industrial safety courses for preventing accidental equipment startup and ensuring worker safety.,lockout, tagout, LOTO, industrial safety, equipment safety, workplace safety, energy isolation, safety locks, maintenance safety, Karma Industrial Safety Training, Terrace BC, safety procedures,NULL,NULL,course-images,0,0,2,2025-08-01 02:41:04,NULL,active
140,1752792019087-Unknown-2.webp,Unknown-2.webp,347262,image/webp,webp,/uploads/course-images/1752792019087-Unknown-2.webp,NULL,NULL,NULL,A rescue team of trained personnel works around an open manhole, preparing for a confined space rescue operation with specialized equipment.,Confined Space Entry  Rescue Training,Emergency responders and trained personnel conduct a confined space rescue. This image emphasizes the critical, life-saving skills taught in our Confined Space Entry, Monitor, and Rescue courses.,confined space, rescue, emergency response, manhole, safety harness, tripod rescue, workplace safety, high-angle rescue, technical rescue, Karma Industrial Safety Training, Terrace BC, safety training,NULL,NULL,course-images,0,1,2,2025-08-01 02:41:04,NULL,active
141,1752792074322-Unknown-1.webp,Unknown-1.webp,73434,image/webp,webp,/uploads/course-images/1752792074322-Unknown-1.webp,NULL,NULL,NULL,A spotter wearing a hard hat and an orange high-visibility vest uses hand signals to guide a Caterpillar front-end loader in a snowy environment.,Safe Heavy Equipment Communication,A certified spotter provides clear hand signals to a heavy equipment operator, ensuring safe maneuvering of a front-end loader during snow removal or construction activities. Effective communication between operators and ground crew is vital for accident prevention.,NULL,NULL,NULL,course-images,0,0,2,2025-08-01 02:41:04,NULL,active
142,1752792138141-Unknown.webp,Unknown.webp,450472,image/webp,webp,/uploads/other/1752792138141-Unknown.webp,NULL,NULL,NULL,A professional logger wearing full personal protective equipment PPE stands with a chainsaw next to a large, freshly felled tree in a forest.,Chainsaw  Faller Safety Training,A trained and certified faller equipped with a hard hat, ear protection, and safety vest showcases the proper gear and safe practices for forestry work. Our courses cover all aspects of chainsaw safety and BC faller certification.,chainsaw safety, faller training, logger, logging, forestry, tree felling, arborist, PPE, personal protective equipment, hard hat, ear protection, forest safety, Karma Industrial Safety Training, Terrace BC, BC SAFE Companies, IVES, KIST,NULL,NULL,other,0,0,2,2025-08-01 02:41:04,NULL,active
143,1752793249552-IMG_6593__1_.JPG,IMG_6593 (1).JPG,2507594,image/jpeg,jpg,/uploads/course-images/1752793249552-IMG_6593__1_.JPG,NULL,NULL,NULL,riggerperson,IMG_6593 (1).JPG,NULL,NULL,NULL,NULL,course-images,0,0,2,2025-08-01 02:41:04,NULL,active
144,1752857951153-TDG_1.webp,TDG 1.webp,318708,image/webp,webp,/uploads/course-images/1752857951153-TDG_1.webp,NULL,NULL,NULL,TDG 1,TDG 1.webp,Road and Rail,NULL,NULL,NULL,course-images,0,0,1,2025-08-01 02:41:04,NULL,active
145,1752864410580-MEWP_Splash.webp,MEWP Splash.webp,1851252,image/webp,webp,/uploads/general/1752864410580-MEWP_Splash.webp,NULL,NULL,NULL,MEWP,MEWP Splash.webp,Boomlifts  Scissorlifts,Boomlift, scissorlift,NULL,NULL,general,0,0,1,2025-08-01 02:41:04,NULL,active
146,1752866847471-Skid_Steer_Loader.webp,Skid Steer Loader.webp,1578336,image/webp,webp,/uploads/general/1752866847471-Skid_Steer_Loader.webp,NULL,NULL,NULL,Skid Steer Loader,Skid Steer Loader.webp,NULL,NULL,NULL,NULL,general,0,0,1,2025-08-01 02:41:04,NULL,active
147,1753473134254-Steven_to_size.webp,Steven to size.webp,429292,image/webp,webp,/uploads/general/1753473134254-Steven_to_size.webp,NULL,NULL,NULL,Steven to size,Steven to size.webp,Dropping a load,NULL,NULL,NULL,general,0,0,1,2025-08-01 02:41:04,NULL,active
148,1753474181735-Clipboard_07-25-2025_01.webp,Clipboard_07-25-2025_01.webp,146148,image/webp,webp,/uploads/general/1753474181735-Clipboard_07-25-2025_01.webp,NULL,NULL,NULL,Confined Space entry,Clipboard_07-25-2025_01.webp,NULL,NULL,NULL,NULL,general,0,0,1,2025-08-01 02:41:04,NULL,active
149,1753475704176-Screenshot_2025-07-25_132419.webp,Screenshot 2025-07-25 132419.webp,172710,image/webp,webp,/uploads/general/1753475704176-Screenshot_2025-07-25_132419.webp,NULL,NULL,NULL,Screenshot 2025 07 25 132419,First Aid - CPR,NULL,NULL,NULL,NULL,general,0,0,1,2025-08-01 02:41:04,2025-08-01 22:08:09,active
